CH_ID_CARGA,NR_CARGA_NUM,CH_VESSEL_NAME,CH_CARGO_NUMBER,CH_COMENTARIOS_CARGA,CH_DECISAO_STATUS,CH_DECISAO_USUARIO_EMAIL,DT_DECISAO_TIMESTAMP,CH_DECISAO_LINK_REF,CH_DECISAO_COMENTARIO,DT_CARREGAMENTO_PREV,DT_CHEGADA_PREV,DT_MANOBRA_INICIO_PREV,DT_MANOBRA_FIM_PREV,NR_VOLUME_PREV_M3,NR_VOLUME_PREV_MMBTU,DT_CARREGAMENTO_REAL,DT_MANOBRA_INICIO_REAL,DT_MANOBRA_FIM_REAL,NR_ALLOWED_LAYTIME_HOURS,DT_NOTE_OF_READINESS,DT_INICIO_MANOBRA_ATRACACAO,DT_FIM_MANOBRA_ATRACACAO,DT_INICIO_DESCARREGAMENTO_GNL,DT_FIM_DESCARREGAMENTO_GNL,DT_INICIO_MANOBRA_DESATRACACAO,DT_FIM_MANOBRA_DESATRACACAO,NR_QUANTIDADE_CARREGADA_M3,NR_QUANTIDADE_CARREGADA_MMBTU,NR_VOLUME_REAL_M3,NR_VOLUME_REAL_MMBTU,CH_PORTO_SAIDA,CH_PAIS_ORIGEM,CH_PORTO_CHEGADA,NR_BOG_CONSUMIDO_MMBTU,NR_ENERGIA_RETIDA_MMBTU,NR_TAXA_CONSUMO_BOG,NR_PODER_CAL_RESULTANTE_MJ_M3,NR_DENSIDADE_KG_M3,DT_LIMITE_CANCELAMENTO,NR_CUSTO_UNITARIO,NR_DEMURRAGE_HORAS,NR_PODER_CAL_RESULTANTE_MMBTU_M3,CH_CATEGORIA_TAKE_OR_PAY,CH_CATEGORIA_LNG_COST,DT_INICIO_CONSUMO,DT_FIM_CONSUMO,CH_ID_CONTRATO,CH_CRIADOR_EMAIL,CH_ULTIMO_MODIFICADOR_EMAIL,DT_TIMESTAMP_CRIACAO,DT_TIMESTAMP_MODIFICACAO
01e753f1ce8245ec8fe8ee913c30c64e,10,AL RUWAIS - B,RL3-CEL01-2022-005 - B,NULL,CANCELADO,NULL,NULL,NULL,NULL,2021-04-13 00:00:00.0000000,2021-05-24 00:00:00.0000000,NULL,NULL,152000,NULL,NULL,NULL,NULL,NULL,NULL,NULL,NULL,NULL,NULL,NULL,NULL,NULL,NULL,NULL,NULL,NULL,NULL,NULL,NULL,NULL,NULL,NULL,NULL,2021-02-12 00:00:00.0000000,0,NULL,NULL,FCQ,CNPQ,NULL,NULL,d796bebdb0dd4afd9214694d894dcb22,NULL,gabriela.justino@eneva.com.br,2025-02-18 14:25:15.0167420,2025-02-18 14:25:15.0167460
040d457cf78f4473b2f3ad317a6437fa,23,AL SHEEHANIYA - A,RL3-CEL01-2022-012 - A,NULL,REALIZADO,NULL,NULL,NULL,NULL,2021-09-27 00:00:00.0000000,2021-11-06 00:00:00.0000000,NULL,NULL,61670,NULL,NULL,NULL,NULL,NULL,NULL,NULL,NULL,NULL,NULL,NULL,NULL,NULL,NULL,NULL,NULL,NULL,NULL,NULL,NULL,NULL,NULL,NULL,NULL,2021-07-29 00:00:00.0000000,0,NULL,NULL,FCQ,CNPQ,NULL,NULL,d796bebdb0dd4afd9214694d894dcb22,NULL,gabriela.justino@eneva.com.br,2025-02-18 14:25:15.0323620,2025-02-18 14:25:15.0323670
05c4e3ea24f1427ea292df3c6e2d0642,20,Maran Gas Sparta,CEL01-2023-020,NULL,Cancelado,NULL,NULL,NULL,NULL,2023-12-01 12:46:00.0000000,2023-12-24 00:00:00.0000000,NULL,NULL,152000,NULL,NULL,NULL,NULL,NULL,NULL,NULL,NULL,NULL,NULL,NULL,NULL,NULL,NULL,NULL,NULL,NULL,NULL,NULL,NULL,NULL,NULL,NULL,NULL,2023-10-02 12:46:00.0000000,0,NULL,NULL,FCQ,FCQ,NULL,NULL,9356d9b8ac7a4615882533adc1851b1f,NULL,NULL,2025-02-18 14:25:30.0289080,2025-02-18 14:25:30.0289120
07b9b8aff04746f2b09229b74f900279,15,UMM GHUWAILINA,CEL01-2025-015,,CANCELADO,matheus.figueiredo@eneva.com.br,2025-08-28 17:39:56.8740000,,,2025-08-16 00:00:00.0000000,2025-09-01 00:00:00.0000000,2025-09-01 00:00:00.0000000,2025-09-03 00:00:00.0000000,150500,3373000,NULL,NULL,NULL,NULL,NULL,NULL,NULL,NULL,NULL,NULL,NULL,NULL,NULL,NULL,NULL,,,,NULL,NULL,NULL,NULL,NULL,2025-08-01 00:00:00.0000000,0,NULL,NULL,CNPQ,CNPQ,NULL,NULL,fd7c533b08074c989de7986c5073b175,matheus.figueiredo@eneva.com.br,matheus.figueiredo@eneva.com.br,2025-09-30 16:38:39.1532080,2025-09-30 16:38:39.1532130
0b42a4747bcf401596e30a579416b15a,12,AL AAMRIYA - B,RL3-CEL01-2022-006 - B,NULL,CANCELADO,NULL,NULL,NULL,NULL,2021-05-17 00:00:00.0000000,2021-06-25 00:00:00.0000000,NULL,NULL,152000,NULL,NULL,NULL,NULL,NULL,NULL,NULL,NULL,NULL,NULL,NULL,NULL,NULL,NULL,NULL,NULL,NULL,NULL,NULL,NULL,NULL,NULL,NULL,NULL,2021-03-18 00:00:00.0000000,0,NULL,NULL,FCQ,CNPQ,NULL,NULL,d796bebdb0dd4afd9214694d894dcb22,NULL,gabriela.justino@eneva.com.br,2025-02-18 14:25:15.0419110,2025-02-18 14:25:15.0419150
0bbf692aaa084cdd92c43926518f03fc,21,CREOLE SPIRIT - A,RL3-CEL01-2022-011 - A,NULL,REALIZADO,NULL,NULL,NULL,NULL,2021-09-17 00:00:00.0000000,2021-10-19 00:00:00.0000000,NULL,NULL,152000,NULL,NULL,NULL,NULL,NULL,NULL,NULL,NULL,NULL,NULL,NULL,NULL,NULL,NULL,NULL,NULL,NULL,NULL,NULL,NULL,NULL,NULL,NULL,NULL,2021-07-19 00:00:00.0000000,0,NULL,NULL,FCQ,CNPQ,NULL,NULL,d796bebdb0dd4afd9214694d894dcb22,NULL,gabriela.justino@eneva.com.br,2025-02-18 14:25:15.0519190,2025-02-18 14:25:15.0519230
0c62e037671a4deabda61ef0075691ff,13,AL SADD-A,RL3-CEL01-2022-007-A,NULL,Cancelado,NULL,NULL,NULL,NULL,2022-06-25 00:01:00.0000000,2022-07-18 06:00:00.0000000,NULL,NULL,53860,NULL,NULL,NULL,NULL,NULL,NULL,NULL,NULL,NULL,NULL,NULL,NULL,NULL,NULL,NULL,NULL,NULL,NULL,NULL,NULL,NULL,NULL,NULL,NULL,2022-04-26 00:01:00.0000000,0,NULL,NULL,FCQ,CNPQ,NULL,NULL,66229811b03c4d35a0f91ed7d6d14f99,NULL,NULL,2025-09-01 15:31:27.0313470,2025-09-01 15:31:27.0313500
0fae502157ac4c03b6a3b6cfaa30a648,19,UMM AL AMAD-A,RL3-CEL01-2022-010-A,NULL,Cancelado,NULL,NULL,NULL,NULL,2022-08-30 00:01:00.0000000,2022-09-22 07:36:00.0000000,NULL,NULL,53254,NULL,NULL,NULL,NULL,NULL,NULL,NULL,NULL,NULL,NULL,NULL,NULL,NULL,NULL,NULL,NULL,NULL,NULL,NULL,NULL,NULL,NULL,NULL,NULL,2022-07-01 00:01:00.0000000,0,NULL,NULL,FCQ,CNPQ,NULL,NULL,66229811b03c4d35a0f91ed7d6d14f99,NULL,NULL,2025-09-01 15:31:27.0701910,2025-09-01 15:31:27.0701950
10e2b82b3b1d4fcfa792aea7707a2723,14,Maran Gas Sparta,CEL01-2024-014,NULL,INDEFINIDO,NULL,2025-02-19 18:41:35.3800000,NULL,NULL,NULL,2024-12-05 00:00:00.0000000,NULL,NULL,150500,3373000,NULL,NULL,NULL,NULL,NULL,NULL,NULL,NULL,NULL,NULL,NULL,NULL,NULL,NULL,NULL,NULL,NULL,NULL,NULL,NULL,NULL,NULL,NULL,NULL,0,NULL,NULL,FCQ,FCQ,NULL,NULL,bb4f37f5ed8c40f39f2950d3c19feaf2,NULL,angelo.cordeiro@eneva.com.br,2025-02-19 15:47:14.9090590,2025-02-19 15:47:14.9090590
11262903e25d4ee8b183c52711c04c3c,6,UMM AL AMAD-B,RL3-CEL01-2022-003-B,NULL,Cancelado,NULL,NULL,NULL,NULL,2022-02-05 00:01:00.0000000,2022-03-12 06:00:00.0000000,NULL,NULL,152000,NULL,NULL,NULL,NULL,NULL,NULL,NULL,NULL,NULL,NULL,NULL,NULL,NULL,NULL,NULL,NULL,NULL,NULL,NULL,NULL,NULL,NULL,NULL,NULL,2021-12-07 00:01:00.0000000,0,NULL,NULL,FCQ,CNPQ,NULL,NULL,66229811b03c4d35a0f91ed7d6d14f99,NULL,NULL,2025-09-01 15:31:27.1046170,2025-09-01 15:31:27.1046210
15b94cfdc7a94b3ea9f564ff5615c182,5,UMM AL AMAD-A,RL3-CEL01-2022-003-A,NULL,Cancelado,NULL,NULL,NULL,NULL,2022-02-05 00:01:00.0000000,2022-03-01 06:00:00.0000000,NULL,NULL,59142,NULL,NULL,NULL,NULL,NULL,NULL,NULL,NULL,NULL,NULL,NULL,NULL,NULL,NULL,NULL,NULL,NULL,NULL,NULL,NULL,NULL,NULL,NULL,NULL,2021-12-07 00:01:00.0000000,0,NULL,NULL,FCQ,CNPQ,NULL,NULL,66229811b03c4d35a0f91ed7d6d14f99,NULL,NULL,2025-09-01 15:31:27.1365450,2025-09-01 15:31:27.1365480
181538d38299446e82064b0d455c351d,5,Seri Balqis,CEL01-2023-005,NULL,Cancelado,NULL,NULL,NULL,NULL,2023-03-07 14:51:00.0000000,2023-03-30 00:00:00.0000000,NULL,NULL,152000,NULL,NULL,NULL,NULL,NULL,NULL,NULL,NULL,NULL,NULL,NULL,NULL,NULL,NULL,NULL,NULL,NULL,NULL,NULL,NULL,NULL,NULL,NULL,NULL,2023-01-06 14:51:00.0000000,0,NULL,NULL,FCQ,FCQ,NULL,NULL,9356d9b8ac7a4615882533adc1851b1f,NULL,NULL,2025-02-18 14:25:30.0404160,2025-02-18 14:25:30.0404200
1d480037dab8469eb06892b8bc42913c,12,REX TILLERSON,CEL01-2025-012,,CANCELADO,matheus.figueiredo@eneva.com.br,2025-08-28 17:39:55.1770000,,,2025-07-01 00:00:00.0000000,2025-07-17 00:00:00.0000000,2025-07-17 00:00:00.0000000,2025-07-19 00:00:00.0000000,150500,3373000,NULL,NULL,NULL,NULL,NULL,NULL,NULL,NULL,NULL,NULL,NULL,NULL,NULL,NULL,NULL,,,,NULL,NULL,NULL,NULL,NULL,2025-06-16 00:00:00.0000000,0,NULL,NULL,FCQ,CNPQ,NULL,NULL,fd7c533b08074c989de7986c5073b175,matheus.figueiredo@eneva.com.br,matheus.figueiredo@eneva.com.br,2025-09-30 16:38:39.1326780,2025-09-30 16:38:39.1327060
1ebcaed288614deeaf49659c5e64011f,5,Maran Gas Troy,CEL01-2024-005,NULL,Cancelado,NULL,NULL,NULL,NULL,NULL,2024-06-16 00:00:00.0000000,NULL,NULL,150500,3373000,NULL,NULL,NULL,NULL,NULL,NULL,NULL,NULL,NULL,NULL,NULL,NULL,NULL,NULL,NULL,NULL,NULL,NULL,NULL,NULL,NULL,NULL,NULL,NULL,0,NULL,NULL,FCQ,FCQ,NULL,NULL,bb4f37f5ed8c40f39f2950d3c19feaf2,NULL,NULL,2025-02-19 15:47:10.5740650,2025-02-19 15:47:10.5740650
1fb43d49d8cf43428b1b92d20281b184,4,DUHAIL-B,RL3-CEL01-2022-002-B,NULL,Cancelado,NULL,NULL,NULL,NULL,2022-01-05 02:51:00.0000000,2022-02-12 06:00:00.0000000,NULL,NULL,152000,NULL,NULL,NULL,NULL,NULL,NULL,NULL,NULL,NULL,NULL,NULL,NULL,NULL,NULL,NULL,NULL,NULL,NULL,NULL,NULL,NULL,NULL,NULL,NULL,2021-11-06 02:51:00.0000000,0,NULL,NULL,FCQ,CNPQ,NULL,NULL,66229811b03c4d35a0f91ed7d6d14f99,NULL,NULL,2025-09-01 15:31:27.1649480,2025-09-01 15:31:27.1649530
256d47cb4f9948e68127305c648aed8a,6,AL UTOURIYA - B,RL3-CEL01-2022-003 - B,NULL,CANCELADO,NULL,NULL,NULL,NULL,2021-01-29 00:00:00.0000000,2021-03-16 00:00:00.0000000,NULL,NULL,152000,NULL,NULL,NULL,NULL,NULL,NULL,NULL,NULL,NULL,NULL,NULL,NULL,NULL,NULL,NULL,NULL,NULL,NULL,NULL,NULL,NULL,NULL,NULL,NULL,2020-11-30 00:00:00.0000000,0,NULL,NULL,FCQ,CNPQ,NULL,NULL,d796bebdb0dd4afd9214694d894dcb22,NULL,gabriela.justino@eneva.com.br,2025-02-18 14:25:15.0612690,2025-02-18 14:25:15.0612720
267797d22a8f41b59724b66457661a8e,15,TEMBEK-A,RL3-CEL01-2022-008-A,NULL,Cancelado,NULL,NULL,NULL,NULL,2022-07-17 00:01:00.0000000,2022-08-09 06:00:00.0000000,NULL,NULL,59764,NULL,NULL,NULL,NULL,NULL,NULL,NULL,NULL,NULL,NULL,NULL,NULL,NULL,NULL,NULL,NULL,NULL,NULL,NULL,NULL,NULL,NULL,NULL,NULL,2022-05-18 00:01:00.0000000,0,NULL,NULL,FCQ,CNPQ,NULL,NULL,66229811b03c4d35a0f91ed7d6d14f99,NULL,NULL,2025-09-01 15:31:27.2029660,2025-09-01 15:31:27.2029720
2ee92b54ba5447d39f2cb92587f0ea81,9,Maran Gas Sparta,CEL01-2024-009,NULL,Cancelado,NULL,NULL,NULL,NULL,NULL,2024-09-04 00:00:00.0000000,NULL,NULL,150500,3373000,NULL,NULL,NULL,NULL,NULL,NULL,NULL,NULL,NULL,NULL,NULL,NULL,NULL,NULL,NULL,NULL,NULL,NULL,NULL,NULL,NULL,NULL,NULL,NULL,0,NULL,NULL,FCQ,FCQ,NULL,NULL,bb4f37f5ed8c40f39f2950d3c19feaf2,NULL,NULL,2025-02-19 15:47:12.0149970,2025-02-19 15:47:12.0149970
34c405341e9c4b42a3d7acea34d96797,10,Maran Gas Sparta,CEL01-2023-010,NULL,Cancelado,NULL,NULL,NULL,NULL,2023-06-01 08:00:00.0000000,2023-06-24 00:00:00.0000000,NULL,NULL,152000,NULL,NULL,NULL,NULL,NULL,NULL,NULL,NULL,NULL,NULL,NULL,NULL,NULL,NULL,NULL,NULL,NULL,NULL,NULL,NULL,NULL,NULL,NULL,NULL,2023-04-02 08:00:00.0000000,0,NULL,NULL,FCQ,FCQ,NULL,NULL,9356d9b8ac7a4615882533adc1851b1f,NULL,NULL,2025-02-18 14:25:30.0809470,2025-02-18 14:25:30.0809510
373e0400b24b4fca9def5beb634492cf,1,AL KARAANA - A,RL3-CEL01-2022-001 - A,NULL,CANCELADO,NULL,NULL,NULL,NULL,2020-12-03 00:00:00.0000000,2021-01-05 00:00:00.0000000,NULL,NULL,54339,NULL,NULL,NULL,NULL,NULL,NULL,NULL,NULL,NULL,NULL,NULL,NULL,NULL,NULL,NULL,NULL,NULL,NULL,NULL,NULL,NULL,NULL,NULL,NULL,2020-10-04 00:00:00.0000000,0,NULL,NULL,FCQ,CNPQ,NULL,NULL,d796bebdb0dd4afd9214694d894dcb22,NULL,gabriela.justino@eneva.com.br,2025-02-18 14:25:15.0735030,2025-02-18 14:25:15.0735080
37cf0d327d2d4e9fae023d2a77068b98,20,NUAIJAH,CEL01-2025-020,,INDEFINIDO,matheus.figueiredo@eneva.com.br,NULL,,,2025-11-16 00:00:00.0000000,2025-12-02 00:00:00.0000000,2025-12-02 00:00:00.0000000,2025-12-04 00:00:00.0000000,150500,3373000,NULL,NULL,NULL,NULL,NULL,NULL,NULL,NULL,NULL,NULL,NULL,NULL,NULL,NULL,NULL,,,,NULL,NULL,NULL,NULL,NULL,2025-11-01 00:00:00.0000000,0,NULL,NULL,CNPQ,CNPQ,NULL,NULL,fd7c533b08074c989de7986c5073b175,matheus.figueiredo@eneva.com.br,matheus.figueiredo@eneva.com.br,2025-09-30 16:38:39.2068200,2025-09-30 16:38:39.2068260
397bc0fbdcf64b859af5c0c91fe8f94d,26,AL SHAMAL-B,RL3-CEL01-2022-013-B,NULL,Cancelado,NULL,NULL,NULL,NULL,2022-11-03 07:11:00.0000000,2022-12-10 06:00:00.0000000,NULL,NULL,152000,NULL,NULL,NULL,NULL,NULL,NULL,NULL,NULL,NULL,NULL,NULL,NULL,NULL,NULL,NULL,NULL,NULL,NULL,NULL,NULL,NULL,NULL,NULL,NULL,2022-09-04 07:11:00.0000000,0,NULL,NULL,FCQ,CNPQ,NULL,NULL,66229811b03c4d35a0f91ed7d6d14f99,NULL,NULL,2025-09-01 15:31:27.2265550,2025-09-01 15:31:27.2265580
3b9768681f1d43108c03d124354ca2a0,6,Maran Gas Troy,CEL01-2024-006,NULL,Cancelado,NULL,NULL,NULL,NULL,NULL,2024-07-17 00:00:00.0000000,NULL,NULL,150500,3373000,NULL,NULL,NULL,NULL,NULL,NULL,NULL,NULL,NULL,NULL,NULL,NULL,NULL,NULL,NULL,NULL,NULL,NULL,NULL,NULL,NULL,NULL,NULL,NULL,0,NULL,NULL,FCQ,FCQ,NULL,NULL,bb4f37f5ed8c40f39f2950d3c19feaf2,NULL,NULL,2025-02-19 15:47:10.9342410,2025-02-19 15:47:10.9342410
3c80f8d68063448ab57b449885900bf0,14,UM GHUWAILINA,CEL01-2025-014,,CANCELADO,matheus.figueiredo@eneva.com.br,2025-08-28 17:39:55.9650000,,,2025-07-31 00:00:00.0000000,2025-08-15 00:00:00.0000000,2025-08-15 00:00:00.0000000,2025-08-17 00:00:00.0000000,150500,3373000,NULL,NULL,NULL,NULL,NULL,NULL,NULL,NULL,NULL,NULL,NULL,NULL,NULL,NULL,NULL,,,,NULL,NULL,NULL,NULL,NULL,2025-08-16 00:00:00.0000000,0,NULL,NULL,CNPQ,CNPQ,NULL,NULL,fd7c533b08074c989de7986c5073b175,matheus.figueiredo@eneva.com.br,matheus.figueiredo@eneva.com.br,2025-09-30 16:38:39.1463430,2025-09-30 16:38:39.1463480
3efbdd282d7e472c984acaf021d653f6,1,Maran Gas Troy,CEL01-2023-001,NULL,Cancelado,NULL,NULL,NULL,NULL,2023-01-02 14:51:00.0000000,2023-01-25 00:00:00.0000000,NULL,NULL,152000,NULL,NULL,NULL,NULL,NULL,NULL,NULL,NULL,NULL,NULL,NULL,NULL,NULL,NULL,NULL,NULL,NULL,NULL,NULL,NULL,NULL,NULL,NULL,NULL,2022-11-03 14:51:00.0000000,0,NULL,NULL,FCQ,FCQ,NULL,NULL,9356d9b8ac7a4615882533adc1851b1f,NULL,NULL,2025-02-18 14:25:30.1007100,2025-02-18 14:25:30.1007160
4016eed6022149f9a892c006dfab0d18,2,MARAN GAS TROY,CEL01-2025-002,,REALIZADO,matheus.figueiredo@eneva.com.br,2025-08-28 17:39:38.6850000,,,2025-01-31 00:00:00.0000000,2025-02-13 00:00:00.0000000,2025-02-13 00:00:00.0000000,2025-02-15 00:00:00.0000000,150500,3373000,2025-02-02 00:00:00.0000000,2025-02-16 00:00:00.0000000,2025-02-17 00:00:00.0000000,NULL,NULL,2025-02-16 00:00:00.0000000,2025-02-17 00:00:00.0000000,2025-02-16 00:00:00.0000000,2025-02-27 00:00:00.0000000,NULL,NULL,153656,3440066,147734,3307478,EUA,EUA,TR-ENEVA,"2879,341",209202,"0,13","23620,66","428,3",2025-01-16 00:00:00.0000000,0,NULL,"22,38806232823859",FCQ,CNPQ,NULL,NULL,fd7c533b08074c989de7986c5073b175,matheus.figueiredo@eneva.com.br,matheus.figueiredo@eneva.com.br,2025-09-30 16:38:39.0632750,2025-09-30 16:38:39.0632800
429501f570d548e1b9197254c00d4cbe,4,AL HUWAILA - B,RL3-CEL01-2022-002 - B,NULL,CANCELADO,NULL,NULL,NULL,NULL,2021-01-06 00:00:00.0000000,2021-02-14 00:00:00.0000000,NULL,NULL,152000,NULL,NULL,NULL,NULL,NULL,NULL,NULL,NULL,NULL,NULL,NULL,NULL,NULL,NULL,NULL,NULL,NULL,NULL,NULL,NULL,NULL,NULL,NULL,NULL,2020-11-07 00:00:00.0000000,0,NULL,NULL,FCQ,CNPQ,NULL,NULL,d796bebdb0dd4afd9214694d894dcb22,NULL,gabriela.justino@eneva.com.br,2025-02-18 14:25:15.0832600,2025-02-18 14:25:15.0832650
437b42edef724954a8b91bb63e657605,20,UMM AL AMAD-B,RL3-CEL01-2022-010-B,NULL,Cancelado,NULL,NULL,NULL,NULL,2022-08-30 00:01:00.0000000,2022-10-03 07:36:00.0000000,NULL,NULL,152000,NULL,NULL,NULL,NULL,NULL,NULL,NULL,NULL,NULL,NULL,NULL,NULL,NULL,NULL,NULL,NULL,NULL,NULL,NULL,NULL,NULL,NULL,NULL,NULL,2022-07-01 00:01:00.0000000,0,NULL,NULL,FCQ,CNPQ,NULL,NULL,66229811b03c4d35a0f91ed7d6d14f99,NULL,NULL,2025-09-01 15:31:27.2459650,2025-09-01 15:31:27.2459700
43e26834714843d8b2aa4dfd32d79e71,13,Kita LNG,CEL01-2023-013,NULL,Cancelado,NULL,NULL,NULL,NULL,2023-07-25 13:00:00.0000000,2023-08-17 00:00:00.0000000,NULL,NULL,152000,NULL,NULL,NULL,NULL,NULL,NULL,NULL,NULL,NULL,NULL,NULL,NULL,NULL,NULL,NULL,NULL,NULL,NULL,NULL,NULL,NULL,NULL,NULL,NULL,2023-05-26 13:00:00.0000000,0,NULL,NULL,FCQ,FCQ,NULL,NULL,9356d9b8ac7a4615882533adc1851b1f,NULL,NULL,2025-02-18 14:25:30.1138370,2025-02-18 14:25:30.1138410
4504a2a3c5024f109825170b9d577b95,22,FRAIHA-B,RL3-CEL01-2022-011-B,NULL,Cancelado,NULL,NULL,NULL,NULL,2022-09-19 00:01:00.0000000,2022-10-25 06:00:00.0000000,NULL,NULL,152000,NULL,NULL,NULL,NULL,NULL,NULL,NULL,NULL,NULL,NULL,NULL,NULL,NULL,NULL,NULL,NULL,NULL,NULL,NULL,NULL,NULL,NULL,NULL,NULL,2022-07-21 00:01:00.0000000,0,NULL,NULL,FCQ,CNPQ,NULL,NULL,66229811b03c4d35a0f91ed7d6d14f99,NULL,NULL,2025-09-01 15:31:27.2715970,2025-09-01 15:31:27.2716020
457324c359be4984a86acc8ea29868b9,14,AL SADD-B,RL3-CEL01-2022-007-B,NULL,Cancelado,NULL,NULL,NULL,NULL,2022-06-25 00:01:00.0000000,2022-07-29 06:00:00.0000000,NULL,NULL,152000,NULL,NULL,NULL,NULL,NULL,NULL,NULL,NULL,NULL,NULL,NULL,NULL,NULL,NULL,NULL,NULL,NULL,NULL,NULL,NULL,NULL,NULL,NULL,NULL,2022-04-26 00:01:00.0000000,0,NULL,NULL,FCQ,CNPQ,NULL,NULL,66229811b03c4d35a0f91ed7d6d14f99,NULL,NULL,2025-09-01 15:31:27.3130730,2025-09-01 15:31:27.3130770
4655f1745e7d42a3b54fc10082b2ac6a,8,NEW APEX,CEL01-2023-008,NULL,Cancelado,NULL,NULL,NULL,NULL,2023-04-24 01:00:00.0000000,2023-05-17 00:00:00.0000000,NULL,NULL,152000,NULL,NULL,NULL,NULL,NULL,NULL,NULL,NULL,NULL,NULL,NULL,NULL,NULL,NULL,NULL,NULL,NULL,NULL,NULL,NULL,NULL,NULL,NULL,NULL,2023-02-23 01:00:00.0000000,0,NULL,NULL,FCQ,FCQ,NULL,NULL,9356d9b8ac7a4615882533adc1851b1f,NULL,NULL,2025-02-18 14:25:30.1297320,2025-02-18 14:25:30.1297370
46cf1149b3064d13a60b003854ff27b8,5,ID'ASAH,CEL01-2025-005,,CANCELADO,matheus.figueiredo@eneva.com.br,2025-08-28 17:39:46.7860000,,,2025-03-16 00:00:00.0000000,2025-03-29 00:00:00.0000000,2025-03-29 00:00:00.0000000,2025-03-31 00:00:00.0000000,150500,3373000,NULL,NULL,NULL,NULL,NULL,NULL,NULL,NULL,NULL,NULL,NULL,NULL,NULL,NULL,NULL,,,,NULL,NULL,NULL,NULL,NULL,2025-03-01 00:00:00.0000000,0,NULL,NULL,FCQ,CNPQ,NULL,NULL,fd7c533b08074c989de7986c5073b175,matheus.figueiredo@eneva.com.br,matheus.figueiredo@eneva.com.br,2025-09-30 16:38:39.0851370,2025-09-30 16:38:39.0851410
488f32c41fdb47759c59455073d0848f,18,Maran Gas Troy,CEL01-2023-018,NULL,Cancelado,NULL,NULL,NULL,NULL,2023-11-01 00:01:00.0000000,2023-11-24 00:00:00.0000000,NULL,NULL,152000,NULL,NULL,NULL,NULL,NULL,NULL,NULL,NULL,NULL,NULL,NULL,NULL,NULL,NULL,NULL,NULL,NULL,NULL,NULL,NULL,NULL,NULL,NULL,NULL,2023-09-02 00:01:00.0000000,0,NULL,NULL,FCQ,FCQ,NULL,NULL,9356d9b8ac7a4615882533adc1851b1f,NULL,NULL,2025-02-18 14:25:30.1426780,2025-02-18 14:25:30.1426820
4ca89b213d8a4a78b83be7d5b78027d4,17,AL RUWAIS - A,RL3-CEL01-2022-009 - A,NULL,REALIZADO,NULL,NULL,NULL,NULL,2021-08-17 00:00:00.0000000,2021-09-15 00:00:00.0000000,NULL,NULL,152000,NULL,NULL,NULL,NULL,NULL,NULL,NULL,NULL,NULL,NULL,NULL,NULL,NULL,NULL,NULL,NULL,NULL,NULL,NULL,NULL,NULL,NULL,NULL,NULL,2021-06-18 00:00:00.0000000,0,NULL,NULL,FCQ,CNPQ,NULL,NULL,d796bebdb0dd4afd9214694d894dcb22,NULL,gabriela.justino@eneva.com.br,2025-02-18 14:25:15.0988870,2025-02-18 14:25:15.0988910
4ccb1f2f15914522b63ce8bebd7f43b0,20,AL SHAMAL - B,RL3-CEL01-2022-010 - B,NULL,REALIZADO,NULL,NULL,NULL,NULL,2021-08-28 00:00:00.0000000,2021-10-12 00:00:00.0000000,NULL,NULL,152000,NULL,NULL,NULL,NULL,NULL,NULL,NULL,NULL,NULL,NULL,NULL,NULL,NULL,NULL,NULL,NULL,NULL,NULL,NULL,NULL,NULL,NULL,NULL,NULL,2021-06-29 00:00:00.0000000,0,NULL,NULL,FCQ,CNPQ,NULL,NULL,d796bebdb0dd4afd9214694d894dcb22,NULL,gabriela.justino@eneva.com.br,2025-02-18 14:25:15.1111630,2025-02-18 14:25:15.1111670
4fcda3e9099e4bd0902e28f19e46b2dd,7,Maran Gas Lindos,CEL01-2023-007,NULL,Cancelado,NULL,NULL,NULL,NULL,2023-04-09 00:46:00.0000000,2023-05-02 00:00:00.0000000,NULL,NULL,152000,NULL,NULL,NULL,NULL,NULL,NULL,NULL,NULL,NULL,NULL,NULL,NULL,NULL,NULL,NULL,NULL,NULL,NULL,NULL,NULL,NULL,NULL,NULL,NULL,2023-02-08 00:46:00.0000000,0,NULL,NULL,FCQ,FCQ,NULL,NULL,9356d9b8ac7a4615882533adc1851b1f,NULL,NULL,2025-02-18 14:25:30.1547130,2025-02-18 14:25:30.1547170
5144f71670fa4259a989fb0c60f91d72,6,NEW APEX,CEL01-2023-006,NULL,Cancelado,NULL,NULL,NULL,NULL,2023-03-25 02:46:00.0000000,2023-04-17 00:00:00.0000000,NULL,NULL,152000,NULL,NULL,NULL,NULL,NULL,NULL,NULL,NULL,NULL,NULL,NULL,NULL,NULL,NULL,NULL,NULL,NULL,NULL,NULL,NULL,NULL,NULL,NULL,NULL,2023-01-24 02:46:00.0000000,0,NULL,NULL,FCQ,FCQ,NULL,NULL,9356d9b8ac7a4615882533adc1851b1f,NULL,NULL,2025-02-18 14:25:30.1727310,2025-02-18 14:25:30.1727350
53095789ea3d4366915c15ed37538cb6,8,ID'ASAH,CEL01-2025-008,,CANCELADO,matheus.figueiredo@eneva.com.br,2025-08-28 17:39:51.5250000,,,2025-05-01 00:00:00.0000000,2025-05-17 00:00:00.0000000,2025-05-17 00:00:00.0000000,2025-05-19 00:00:00.0000000,150500,3373000,NULL,NULL,NULL,NULL,NULL,NULL,NULL,NULL,NULL,NULL,NULL,NULL,NULL,NULL,NULL,,,,NULL,NULL,NULL,NULL,NULL,2025-04-16 00:00:00.0000000,0,NULL,NULL,FCQ,CNPQ,NULL,NULL,fd7c533b08074c989de7986c5073b175,matheus.figueiredo@eneva.com.br,matheus.figueiredo@eneva.com.br,2025-09-30 16:38:39.1057150,2025-09-30 16:38:39.1057200
56f6ed14be76403693350aa07a5b6696,8,AL ORAIQ-B,RL3-CEL01-2022-004-B,NULL,Cancelado,NULL,NULL,NULL,NULL,2022-04-20 02:16:00.0000000,2022-05-24 06:00:00.0000000,NULL,NULL,152000,NULL,NULL,NULL,NULL,NULL,NULL,NULL,NULL,NULL,NULL,NULL,NULL,NULL,NULL,NULL,NULL,NULL,NULL,NULL,NULL,NULL,NULL,NULL,NULL,2022-02-19 02:16:00.0000000,0,NULL,NULL,FCQ,CNPQ,NULL,NULL,66229811b03c4d35a0f91ed7d6d14f99,NULL,NULL,2025-09-01 15:31:27.3613080,2025-09-01 15:31:27.3613130
57cd04032ed74db1bf3161cfcbc0a28d,24,AL SHEEHANIYA - B,RL3-CEL01-2022-012 - B,NULL,REALIZADO,NULL,NULL,NULL,NULL,2021-09-27 00:00:00.0000000,2021-11-17 00:00:00.0000000,NULL,NULL,152000,NULL,NULL,NULL,NULL,NULL,NULL,NULL,NULL,NULL,NULL,NULL,NULL,NULL,NULL,NULL,NULL,NULL,NULL,NULL,NULL,NULL,NULL,NULL,NULL,2021-07-29 00:00:00.0000000,0,72,NULL,FCQ,CNPQ,NULL,NULL,d796bebdb0dd4afd9214694d894dcb22,NULL,gabriela.justino@eneva.com.br,2025-02-18 14:25:15.1208510,2025-02-18 14:25:15.1208560
599d1c7ec1184f80a77cf9196a3a92f8,16,UMM AL HOUL,CEL01-2025-016,Carga prevista para chegar em 15-Sep-2025. Mas a data de realização da operação não foi definida,CONFIRMADO,matheus.figueiredo@eneva.com.br,2025-08-28 18:11:25.3980000,,,2025-08-31 00:00:00.0000000,2025-09-15 00:00:00.0000000,2025-09-15 00:00:00.0000000,2025-09-17 00:00:00.0000000,150500,3373000,NULL,NULL,NULL,NULL,NULL,NULL,NULL,NULL,NULL,NULL,NULL,NULL,NULL,NULL,NULL,,,,NULL,NULL,NULL,NULL,NULL,2025-08-16 00:00:00.0000000,0,NULL,NULL,CNPQ,CNPQ,NULL,NULL,fd7c533b08074c989de7986c5073b175,matheus.figueiredo@eneva.com.br,matheus.figueiredo@eneva.com.br,2025-09-30 16:38:39.1601950,2025-09-30 16:38:39.1601990
5f688870debc409b848ffe1055f7254e,9,MESAIMEER-A,RL3-CEL01-2022-005-A,NULL,Cancelado,NULL,NULL,NULL,NULL,2022-05-11 01:00:00.0000000,2022-06-04 06:00:00.0000000,NULL,NULL,59965,NULL,NULL,NULL,NULL,NULL,NULL,NULL,NULL,NULL,NULL,NULL,NULL,NULL,NULL,NULL,NULL,NULL,NULL,NULL,NULL,NULL,NULL,NULL,NULL,2022-03-12 01:00:00.0000000,0,NULL,NULL,FCQ,CNPQ,NULL,NULL,66229811b03c4d35a0f91ed7d6d14f99,NULL,NULL,2025-09-01 15:31:27.3819210,2025-09-01 15:31:27.3819250
66e461c549184528a089cae915c065c5,1,Maran Gas Troy,CEL01-2024-001,NULL,Cancelado,NULL,NULL,NULL,NULL,NULL,2024-04-14 00:00:00.0000000,NULL,NULL,150500,3373000,NULL,NULL,NULL,NULL,NULL,NULL,NULL,NULL,NULL,NULL,NULL,NULL,NULL,NULL,NULL,NULL,NULL,NULL,NULL,NULL,NULL,NULL,NULL,NULL,0,NULL,NULL,FCQ,FCQ,NULL,NULL,bb4f37f5ed8c40f39f2950d3c19feaf2,NULL,NULL,2025-02-19 15:47:09.1070640,2025-02-19 15:47:09.1070640
69711de35fd844e68080fcf600a8c220,21,FRAIHA-A,RL3-CEL01-2022-011-A,NULL,Cancelado,NULL,NULL,NULL,NULL,2022-09-19 00:01:00.0000000,2022-10-14 06:00:00.0000000,NULL,NULL,53895,NULL,NULL,NULL,NULL,NULL,NULL,NULL,NULL,NULL,NULL,NULL,NULL,NULL,NULL,NULL,NULL,NULL,NULL,NULL,NULL,NULL,NULL,NULL,NULL,2022-07-21 00:01:00.0000000,0,NULL,NULL,FCQ,CNPQ,NULL,NULL,66229811b03c4d35a0f91ed7d6d14f99,NULL,NULL,2025-09-01 15:31:27.4094420,2025-09-01 15:31:27.4094470
6a5aa43dbdba4849abd558df22ed2900,3,AL HUWAILA - A,RL3-CEL01-2022-002 - A,NULL,CANCELADO,NULL,NULL,NULL,NULL,2021-01-06 00:00:00.0000000,2021-02-03 00:00:00.0000000,NULL,NULL,60576,NULL,NULL,NULL,NULL,NULL,NULL,NULL,NULL,NULL,NULL,NULL,NULL,NULL,NULL,NULL,NULL,NULL,NULL,NULL,NULL,NULL,NULL,NULL,NULL,2020-11-07 00:00:00.0000000,0,NULL,NULL,FCQ,CNPQ,NULL,NULL,d796bebdb0dd4afd9214694d894dcb22,NULL,gabriela.justino@eneva.com.br,2025-02-18 14:25:15.1324280,2025-02-18 14:25:15.1324320
734de9102d854af185012beb2efb0f25,16,AL KHARSAAH - B,RL3-CEL01-2022-008 - B,NULL,CANCELADO,NULL,NULL,NULL,NULL,2021-07-24 00:00:00.0000000,2021-08-29 00:00:00.0000000,NULL,NULL,152000,NULL,NULL,NULL,NULL,NULL,NULL,NULL,NULL,NULL,NULL,NULL,NULL,NULL,NULL,NULL,NULL,NULL,NULL,NULL,NULL,NULL,NULL,NULL,NULL,2021-05-25 00:00:00.0000000,0,NULL,NULL,FCQ,CNPQ,NULL,NULL,d796bebdb0dd4afd9214694d894dcb22,NULL,gabriela.justino@eneva.com.br,2025-02-18 14:25:15.1460720,2025-02-18 14:25:15.1460760
7489d9280f314d4b98ac4a1fd3e1e458,2,Maran Gas Sparta,CEL01-2023-002,NULL,Cancelado,NULL,NULL,NULL,NULL,2023-01-17 00:00:00.0000000,2023-02-09 00:00:00.0000000,NULL,NULL,152000,NULL,NULL,NULL,NULL,NULL,NULL,NULL,NULL,NULL,NULL,NULL,NULL,NULL,NULL,NULL,NULL,NULL,NULL,NULL,NULL,NULL,NULL,NULL,NULL,2022-11-18 00:00:00.0000000,0,NULL,NULL,FCQ,FCQ,NULL,NULL,9356d9b8ac7a4615882533adc1851b1f,NULL,NULL,2025-02-18 14:25:30.1863200,2025-02-18 14:25:30.1863240
7a9339a106834eab93649c2ca9ba408e,14,AL ORAIQ - B,RL3-CEL01-2022-007 - B,NULL,REALIZADO,NULL,NULL,NULL,NULL,2021-06-16 00:00:00.0000000,2021-08-01 00:00:00.0000000,NULL,NULL,152000,NULL,NULL,NULL,NULL,NULL,NULL,NULL,NULL,NULL,NULL,NULL,NULL,NULL,NULL,NULL,NULL,NULL,NULL,NULL,NULL,NULL,NULL,NULL,NULL,2021-04-17 00:00:00.0000000,0,72,NULL,FCQ,CNPQ,NULL,NULL,d796bebdb0dd4afd9214694d894dcb22,NULL,gabriela.justino@eneva.com.br,2025-02-18 14:25:15.1553220,2025-02-18 14:25:15.1553260
7b5a63bcd75c4bc9b38aeae4029dbf1d,24,AL GHARRAFA-B,RL3-CEL01-2022-012-B,NULL,Cancelado,NULL,NULL,NULL,NULL,2022-10-13 00:01:00.0000000,2022-11-16 06:00:00.0000000,NULL,NULL,152000,NULL,NULL,NULL,NULL,NULL,NULL,NULL,NULL,NULL,NULL,NULL,NULL,NULL,NULL,NULL,NULL,NULL,NULL,NULL,NULL,NULL,NULL,NULL,NULL,2022-08-14 00:01:00.0000000,0,NULL,NULL,FCQ,CNPQ,NULL,NULL,66229811b03c4d35a0f91ed7d6d14f99,NULL,NULL,2025-09-01 15:31:27.4264210,2025-09-01 15:31:27.4264250
84f8442f5dff4733bfcb913f5ca0ff85,18,Al Kharrarah,CEL01-2025-018,,CANCELADO,matheus.figueiredo@eneva.com.br,2025-09-30 16:38:34.8580000,,,2025-10-01 00:00:00.0000000,2025-10-17 00:00:00.0000000,2025-10-17 00:00:00.0000000,2025-10-19 00:00:00.0000000,150500,3373000,NULL,NULL,NULL,NULL,NULL,NULL,NULL,NULL,NULL,NULL,NULL,NULL,NULL,NULL,NULL,,,,NULL,NULL,NULL,NULL,NULL,2025-09-16 00:00:00.0000000,0,NULL,NULL,CNPQ,CFQ,NULL,NULL,fd7c533b08074c989de7986c5073b175,matheus.figueiredo@eneva.com.br,matheus.figueiredo@eneva.com.br,2025-09-30 16:38:39.2215480,2025-09-30 16:38:39.2215530
8928c0151f9f42afb7886b0474dd2582,6,UMM GHUWAILINA,CEL01-2025-006,,CANCELADO,matheus.figueiredo@eneva.com.br,2025-08-28 17:39:47.7430000,,,2025-04-01 00:00:00.0000000,2025-04-17 00:00:00.0000000,2025-04-17 00:00:00.0000000,2025-04-19 00:00:00.0000000,150500,3373000,NULL,NULL,NULL,NULL,NULL,NULL,NULL,NULL,NULL,NULL,NULL,NULL,NULL,NULL,NULL,,,,NULL,NULL,NULL,NULL,NULL,2025-03-17 00:00:00.0000000,0,NULL,NULL,FCQ,CNPQ,NULL,NULL,fd7c533b08074c989de7986c5073b175,matheus.figueiredo@eneva.com.br,matheus.figueiredo@eneva.com.br,2025-09-30 16:38:39.0920300,2025-09-30 16:38:39.0920340
89ef5d8149564824a857f5e49198eca4,4,AMORE MIO I,CEL01-2025-004,,CANCELADO,matheus.figueiredo@eneva.com.br,2025-08-28 17:39:40.4650000,,,2025-03-01 00:00:00.0000000,2025-03-17 00:00:00.0000000,2025-03-17 00:00:00.0000000,2025-03-19 00:00:00.0000000,150500,3373000,NULL,NULL,NULL,NULL,NULL,NULL,NULL,NULL,NULL,NULL,NULL,NULL,NULL,NULL,NULL,,,,NULL,NULL,NULL,NULL,NULL,2025-02-14 00:00:00.0000000,0,NULL,NULL,FCQ,CNPQ,NULL,NULL,fd7c533b08074c989de7986c5073b175,matheus.figueiredo@eneva.com.br,matheus.figueiredo@eneva.com.br,2025-09-30 16:38:39.0786160,2025-09-30 16:38:39.0786210
8a2905a55b3546dea237777f7d9ca897,7,Maran Gas Lindos,CEL01-2024-007,NULL,Cancelado,NULL,NULL,NULL,NULL,NULL,2024-08-03 00:00:00.0000000,NULL,NULL,150500,3373000,NULL,NULL,NULL,NULL,NULL,NULL,NULL,NULL,NULL,NULL,NULL,NULL,NULL,NULL,NULL,NULL,NULL,NULL,NULL,NULL,NULL,NULL,NULL,NULL,0,NULL,NULL,FCQ,FCQ,NULL,NULL,bb4f37f5ed8c40f39f2950d3c19feaf2,NULL,NULL,2025-02-19 15:47:11.2944800,2025-02-19 15:47:11.2944800
8e7418ea29644b448d82799fc0e2ad75,12,Maran Gas Sparta,CEL01-2024-012,NULL,INDEFINIDO,NULL,2025-02-19 18:40:54.1340000,NULL,NULL,NULL,2024-11-04 00:00:00.0000000,NULL,NULL,150500,3373000,NULL,NULL,NULL,NULL,NULL,NULL,NULL,NULL,NULL,NULL,NULL,NULL,NULL,NULL,NULL,NULL,NULL,NULL,NULL,NULL,NULL,NULL,NULL,NULL,0,NULL,NULL,FCQ,FCQ,NULL,NULL,bb4f37f5ed8c40f39f2950d3c19feaf2,NULL,NULL,2025-02-19 15:47:13.1084290,2025-02-19 15:47:13.1084290
92dbaf9754a44fb1b1b51471f9b105b5,14,Kita LNG,CEL01-2023-014,NULL,Cancelado,NULL,NULL,NULL,NULL,2023-08-14 08:00:00.0000000,2023-09-07 00:00:00.0000000,NULL,NULL,152000,NULL,NULL,NULL,NULL,NULL,NULL,NULL,NULL,NULL,NULL,NULL,NULL,NULL,NULL,NULL,NULL,NULL,NULL,NULL,NULL,NULL,NULL,NULL,NULL,2023-06-15 08:00:00.0000000,0,NULL,NULL,FCQ,FCQ,NULL,NULL,9356d9b8ac7a4615882533adc1851b1f,NULL,NULL,2025-02-18 14:25:30.2044730,2025-02-18 14:25:30.2044770
9a1984221be942258861d61843a62e8a,2,AL KARAANA - B,RL3-CEL01-2022-001 - B,NULL,CANCELADO,NULL,NULL,NULL,NULL,2020-12-03 00:00:00.0000000,2021-01-16 00:00:00.0000000,NULL,NULL,152000,NULL,NULL,NULL,NULL,NULL,NULL,NULL,NULL,NULL,NULL,NULL,NULL,NULL,NULL,NULL,NULL,NULL,NULL,NULL,NULL,NULL,NULL,NULL,NULL,2020-10-04 00:00:00.0000000,0,NULL,NULL,FCQ,CNPQ,NULL,NULL,d796bebdb0dd4afd9214694d894dcb22,NULL,gabriela.justino@eneva.com.br,2025-02-18 14:25:15.1675840,2025-02-18 14:25:15.1675890
9bb720d71fbc45dca838a59a4013f5f8,25,AL THUMAMA - A,RL3-CEL01-2022-013 - A,NULL,REALIZADO,NULL,NULL,NULL,NULL,2021-10-25 00:00:00.0000000,2021-11-30 00:00:00.0000000,NULL,NULL,59179,NULL,NULL,NULL,NULL,NULL,NULL,NULL,NULL,NULL,NULL,NULL,NULL,NULL,NULL,NULL,NULL,NULL,NULL,NULL,NULL,NULL,NULL,NULL,NULL,2021-08-26 00:00:00.0000000,0,NULL,NULL,FCQ,CNPQ,NULL,NULL,d796bebdb0dd4afd9214694d894dcb22,NULL,gabriela.justino@eneva.com.br,2025-02-18 14:25:15.1780920,2025-02-18 14:25:15.1780960
9bdf86f80db44709a857f0e1fc858cbd,10,ID'ASAH,CEL01-2025-010,,CANCELADO,matheus.figueiredo@eneva.com.br,2025-08-28 17:39:52.3930000,,,2025-06-01 00:00:00.0000000,2025-06-17 00:00:00.0000000,2025-06-17 00:00:00.0000000,2025-06-19 00:00:00.0000000,150500,3373000,NULL,NULL,NULL,NULL,NULL,NULL,NULL,NULL,NULL,NULL,NULL,NULL,NULL,NULL,NULL,,,,NULL,NULL,NULL,NULL,NULL,2025-05-17 00:00:00.0000000,0,NULL,NULL,FCQ,CNPQ,NULL,NULL,fd7c533b08074c989de7986c5073b175,matheus.figueiredo@eneva.com.br,matheus.figueiredo@eneva.com.br,2025-09-30 16:38:39.1192310,2025-09-30 16:38:39.1192350
9d97c63ba65a4aecac70e0182bbcd72e,3,Maran Gas Troy,CEL01-2024-003,NULL,Cancelado,NULL,NULL,NULL,NULL,NULL,2024-05-16 00:00:00.0000000,NULL,NULL,150500,3373000,NULL,NULL,NULL,NULL,NULL,NULL,NULL,NULL,NULL,NULL,NULL,NULL,NULL,NULL,NULL,NULL,NULL,NULL,NULL,NULL,NULL,NULL,NULL,NULL,0,NULL,NULL,FCQ,FCQ,NULL,NULL,bb4f37f5ed8c40f39f2950d3c19feaf2,NULL,NULL,2025-02-19 15:47:09.8671760,2025-02-19 15:47:09.8671760
9dd0df3579ff4dcba181461bb9ab9327,10,MESAIMEER-B,RL3-CEL01-2022-005-B,NULL,Cancelado,NULL,NULL,NULL,NULL,2022-05-11 01:00:00.0000000,2022-06-15 06:00:00.0000000,NULL,NULL,152000,NULL,NULL,NULL,NULL,NULL,NULL,NULL,NULL,NULL,NULL,NULL,NULL,NULL,NULL,NULL,NULL,NULL,NULL,NULL,NULL,NULL,NULL,NULL,NULL,2022-03-12 01:00:00.0000000,0,NULL,NULL,FCQ,CNPQ,NULL,NULL,66229811b03c4d35a0f91ed7d6d14f99,NULL,NULL,2025-09-01 15:31:27.4424960,2025-09-01 15:31:27.4424990
9e740aa189db44a6bf2c7e972d60b02d,17,Seri Balqis,CEL01-2023-017,NULL,Cancelado,NULL,NULL,NULL,NULL,2023-10-04 12:00:00.0000000,2023-10-27 00:00:00.0000000,NULL,NULL,152000,NULL,NULL,NULL,NULL,NULL,NULL,NULL,NULL,NULL,NULL,NULL,NULL,NULL,NULL,NULL,NULL,NULL,NULL,NULL,NULL,NULL,NULL,NULL,NULL,2023-08-05 12:00:00.0000000,0,NULL,NULL,FCQ,FCQ,NULL,NULL,9356d9b8ac7a4615882533adc1851b1f,NULL,NULL,2025-02-18 14:25:30.2276430,2025-02-18 14:25:30.2276470
9f8ab7731ba24f5c9361f7004ad616e0,13,AL ORAIQ - A,RL3-CEL01-2022-007 - A,NULL,REALIZADO,NULL,NULL,NULL,NULL,2021-06-16 00:00:00.0000000,2021-07-21 00:00:00.0000000,NULL,NULL,120000,NULL,NULL,NULL,NULL,NULL,NULL,NULL,NULL,NULL,NULL,NULL,NULL,NULL,NULL,NULL,NULL,NULL,NULL,NULL,NULL,NULL,NULL,NULL,NULL,2021-04-17 00:00:00.0000000,0,NULL,NULL,FCQ,CNPQ,NULL,NULL,d796bebdb0dd4afd9214694d894dcb22,NULL,gabriela.justino@eneva.com.br,2025-02-18 14:25:15.1878360,2025-02-18 14:25:15.1878410
a1b135902c2045f48ed46509a05bf92c,8,AL ORAIQ  - B,RL3-CEL01-2022-004 - B,NULL,CANCELADO,NULL,NULL,NULL,NULL,2021-03-02 00:00:00.0000000,2021-04-12 00:00:00.0000000,NULL,NULL,152000,NULL,NULL,NULL,NULL,NULL,NULL,NULL,NULL,NULL,NULL,NULL,NULL,NULL,NULL,NULL,NULL,NULL,NULL,NULL,NULL,NULL,NULL,NULL,NULL,2021-01-01 00:00:00.0000000,0,NULL,NULL,FCQ,CNPQ,NULL,NULL,d796bebdb0dd4afd9214694d894dcb22,NULL,gabriela.justino@eneva.com.br,2025-02-18 14:25:15.1975240,2025-02-18 14:25:15.1975280
a48a63689d054ea0a3da467011c95bba,23,AL GHARRAFA-A,RL3-CEL01-2022-012-A,NULL,Cancelado,NULL,NULL,NULL,NULL,2022-10-13 00:01:00.0000000,2022-11-05 06:00:00.0000000,NULL,NULL,59789,NULL,NULL,NULL,NULL,NULL,NULL,NULL,NULL,NULL,NULL,NULL,NULL,NULL,NULL,NULL,NULL,NULL,NULL,NULL,NULL,NULL,NULL,NULL,NULL,2022-08-14 00:01:00.0000000,0,NULL,NULL,FCQ,CNPQ,NULL,NULL,66229811b03c4d35a0f91ed7d6d14f99,NULL,NULL,2025-09-01 15:31:27.4596310,2025-09-01 15:31:27.4596340
a6c072a81d2d4cff94a84ac921e9df1d,2,AL RUWAIS-B,RL3-CEL01-2022-001-B,NULL,Realizado,NULL,NULL,NULL,NULL,2021-12-07 00:01:00.0000000,2022-01-14 06:00:00.0000000,NULL,NULL,152000,NULL,NULL,NULL,NULL,NULL,NULL,NULL,NULL,NULL,NULL,NULL,NULL,NULL,NULL,NULL,NULL,NULL,NULL,NULL,NULL,NULL,NULL,NULL,NULL,2021-10-08 00:01:00.0000000,0,NULL,NULL,FCQ,CNPQ,NULL,NULL,66229811b03c4d35a0f91ed7d6d14f99,NULL,NULL,2025-09-01 15:31:27.4752260,2025-09-01 15:31:27.4752300
aa51c0ea063d4bf183176983c56b9c74,5,AL UTOURIYA - A,RL3-CEL01-2022-003 - A,NULL,CANCELADO,NULL,NULL,NULL,NULL,2021-01-29 00:00:00.0000000,2021-03-05 00:00:00.0000000,NULL,NULL,59179,NULL,NULL,NULL,NULL,NULL,NULL,NULL,NULL,NULL,NULL,NULL,NULL,NULL,NULL,NULL,NULL,NULL,NULL,NULL,NULL,NULL,NULL,NULL,NULL,2020-11-30 00:00:00.0000000,0,NULL,NULL,FCQ,CNPQ,NULL,NULL,d796bebdb0dd4afd9214694d894dcb22,NULL,gabriela.justino@eneva.com.br,2025-02-18 14:25:15.2156670,2025-02-18 14:25:15.2156710
b19d9a6262554fc9a6a3ac201a83c1f2,19,Maran Gas Lindos,CEL01-2023-019,NULL,Cancelado,NULL,NULL,NULL,NULL,2023-11-15 10:00:00.0000000,2023-12-08 00:00:00.0000000,NULL,NULL,152000,NULL,NULL,NULL,NULL,NULL,NULL,NULL,NULL,NULL,NULL,NULL,NULL,NULL,NULL,NULL,NULL,NULL,NULL,NULL,NULL,NULL,NULL,NULL,NULL,2023-09-16 10:00:00.0000000,0,NULL,NULL,FCQ,FCQ,NULL,NULL,9356d9b8ac7a4615882533adc1851b1f,NULL,NULL,2025-02-18 14:25:30.2487740,2025-02-18 14:25:30.2487780
b3a66c2257fe4529badd10eeecd0c449,11,Maran Gas Troy,CEL01-2023-011,NULL,Cancelado,NULL,NULL,NULL,NULL,2023-06-21 05:00:00.0000000,2023-07-14 00:00:00.0000000,NULL,NULL,152000,NULL,NULL,NULL,NULL,NULL,NULL,NULL,NULL,NULL,NULL,NULL,NULL,NULL,NULL,NULL,NULL,NULL,NULL,NULL,NULL,NULL,NULL,NULL,NULL,2023-04-22 05:00:00.0000000,0,NULL,NULL,FCQ,FCQ,NULL,NULL,9356d9b8ac7a4615882533adc1851b1f,NULL,NULL,2025-02-18 14:25:30.2662560,2025-02-18 14:25:30.2662600
b450a123e0f5491f9b5f7b102a942f53,18,AL RUWAIS - B,RL3-CEL01-2022-009 - B,NULL,CANCELADO,NULL,NULL,NULL,NULL,2021-08-17 00:00:00.0000000,2021-09-23 00:00:00.0000000,NULL,NULL,152000,NULL,NULL,NULL,NULL,NULL,NULL,NULL,NULL,NULL,NULL,NULL,NULL,NULL,NULL,NULL,NULL,NULL,NULL,NULL,NULL,NULL,NULL,NULL,NULL,2021-06-18 00:00:00.0000000,0,NULL,NULL,FCQ,CNPQ,NULL,NULL,d796bebdb0dd4afd9214694d894dcb22,NULL,gabriela.justino@eneva.com.br,2025-02-18 14:25:15.2368520,2025-02-18 14:25:15.2368550
b50382b61077483c902d960a5ce3b65c,16,TEMBEK-B,RL3-CEL01-2022-008-B,NULL,Cancelado,NULL,NULL,NULL,NULL,2022-07-17 00:01:00.0000000,2022-08-20 06:00:00.0000000,NULL,NULL,152000,NULL,NULL,NULL,NULL,NULL,NULL,NULL,NULL,NULL,NULL,NULL,NULL,NULL,NULL,NULL,NULL,NULL,NULL,NULL,NULL,NULL,NULL,NULL,NULL,2022-05-18 00:01:00.0000000,0,NULL,NULL,FCQ,CNPQ,NULL,NULL,66229811b03c4d35a0f91ed7d6d14f99,NULL,NULL,2025-09-01 15:31:27.4931680,2025-09-01 15:31:27.4931710
b5c61bb3a34245c9b4e6d862ef62c57f,10,Maran Gas Troy,CEL01-2024-010,NULL,Cancelado,NULL,NULL,NULL,NULL,NULL,2024-09-19 00:00:00.0000000,NULL,NULL,150500,3373000,NULL,NULL,NULL,NULL,NULL,NULL,NULL,NULL,NULL,NULL,NULL,NULL,NULL,NULL,NULL,NULL,NULL,NULL,NULL,NULL,NULL,NULL,NULL,NULL,0,NULL,NULL,FCQ,FCQ,NULL,NULL,bb4f37f5ed8c40f39f2950d3c19feaf2,NULL,NULL,2025-02-19 15:47:12.3744210,2025-02-19 15:47:12.3744210
ba3891b9617a4ecfab3ccdb5475ba1aa,12,Kita LNG,CEL01-2023-012,NULL,Cancelado,NULL,NULL,NULL,NULL,2023-07-09 00:01:00.0000000,2023-08-01 00:00:00.0000000,NULL,NULL,152000,NULL,NULL,NULL,NULL,NULL,NULL,NULL,NULL,NULL,NULL,NULL,NULL,NULL,NULL,NULL,NULL,NULL,NULL,NULL,NULL,NULL,NULL,NULL,NULL,2023-05-10 00:01:00.0000000,0,NULL,NULL,FCQ,FCQ,NULL,NULL,9356d9b8ac7a4615882533adc1851b1f,NULL,NULL,2025-02-18 14:25:30.2788650,2025-02-18 14:25:30.2788690
bc859c875737455cabba2ae45e099a15,11,AMORE MIO I,CEL01-2025-011,,CANCELADO,matheus.figueiredo@eneva.com.br,2025-08-28 17:39:54.6030000,,,2025-06-16 00:00:00.0000000,2025-07-02 00:00:00.0000000,2025-07-02 00:00:00.0000000,2025-07-04 00:00:00.0000000,150500,3373000,NULL,NULL,NULL,NULL,NULL,NULL,NULL,NULL,NULL,NULL,NULL,NULL,NULL,NULL,NULL,,,,NULL,NULL,NULL,NULL,NULL,2025-06-01 00:00:00.0000000,0,NULL,NULL,FCQ,CNPQ,NULL,NULL,fd7c533b08074c989de7986c5073b175,matheus.figueiredo@eneva.com.br,matheus.figueiredo@eneva.com.br,2025-09-30 16:38:39.1257820,2025-09-30 16:38:39.1257870
bca7ccb50d284ef184f8aeb4ce8b8a5b,27,AL SAHLA-A,RL3-CEL01-2022-014-A,NULL,Cancelado,NULL,NULL,NULL,NULL,2022-11-25 05:42:00.0000000,2022-12-20 06:00:00.0000000,NULL,NULL,59142,NULL,NULL,NULL,NULL,NULL,NULL,NULL,NULL,NULL,NULL,NULL,NULL,NULL,NULL,NULL,NULL,NULL,NULL,NULL,NULL,NULL,NULL,NULL,NULL,2022-09-26 05:42:00.0000000,0,NULL,NULL,FCQ,CNPQ,NULL,NULL,66229811b03c4d35a0f91ed7d6d14f99,NULL,NULL,2025-09-01 15:31:27.5096800,2025-09-01 15:31:27.5096840
bfafea580e284d3a8efa0b06a6d26817,18,AL KHARAITIYAT-B,RL3-CEL01-2022-009-B,NULL,Cancelado,NULL,NULL,NULL,NULL,2022-08-06 00:01:00.0000000,2022-09-11 08:14:00.0000000,NULL,NULL,152000,NULL,NULL,NULL,NULL,NULL,NULL,NULL,NULL,NULL,NULL,NULL,NULL,NULL,NULL,NULL,NULL,NULL,NULL,NULL,NULL,NULL,NULL,NULL,NULL,2022-06-07 00:01:00.0000000,0,NULL,NULL,FCQ,CNPQ,NULL,NULL,66229811b03c4d35a0f91ed7d6d14f99,NULL,NULL,2025-09-01 15:31:27.5256940,2025-09-01 15:31:27.5256970
c41b0409eaf44ca383092b1ce46053db,25,AL SHAMAL-A,RL3-CEL01-2022-013-A,NULL,Cancelado,NULL,NULL,NULL,NULL,2022-11-03 07:11:00.0000000,2022-11-29 06:00:00.0000000,NULL,NULL,61200,NULL,NULL,NULL,NULL,NULL,NULL,NULL,NULL,NULL,NULL,NULL,NULL,NULL,NULL,NULL,NULL,NULL,NULL,NULL,NULL,NULL,NULL,NULL,NULL,2022-09-04 07:11:00.0000000,0,NULL,NULL,FCQ,CNPQ,NULL,NULL,66229811b03c4d35a0f91ed7d6d14f99,NULL,NULL,2025-09-01 15:31:27.5432510,2025-09-01 15:31:27.5432540
c4827848a0904efd9d050722e01741d2,4,Seapeak Methane,CEL01-2023-004,NULL,Cancelado,NULL,NULL,NULL,NULL,2023-02-17 14:51:00.0000000,2023-03-12 00:00:00.0000000,NULL,NULL,152000,NULL,NULL,NULL,NULL,NULL,NULL,NULL,NULL,NULL,NULL,NULL,NULL,NULL,NULL,NULL,NULL,NULL,NULL,NULL,NULL,NULL,NULL,NULL,NULL,2022-12-19 14:51:00.0000000,0,NULL,NULL,FCQ,FCQ,NULL,NULL,9356d9b8ac7a4615882533adc1851b1f,NULL,NULL,2025-02-18 14:25:30.3068440,2025-02-18 14:25:30.3068490
c67650fec2d64b599af8a6db2626eee1,26,AL THUMAMA - B,RL3-CEL01-2022-013 - B,NULL,REALIZADO,NULL,NULL,NULL,NULL,2021-10-25 00:00:00.0000000,2021-12-12 00:00:00.0000000,NULL,NULL,152000,NULL,NULL,NULL,NULL,NULL,NULL,NULL,NULL,NULL,NULL,NULL,NULL,NULL,NULL,NULL,NULL,NULL,NULL,NULL,NULL,NULL,NULL,NULL,NULL,2021-08-26 00:00:00.0000000,0,24,NULL,FCQ,CNPQ,NULL,NULL,d796bebdb0dd4afd9214694d894dcb22,NULL,gabriela.justino@eneva.com.br,2025-02-18 14:25:15.2504550,2025-02-18 14:25:15.2504600
c9f7c02f8bc34d1d9aef194fcadcf88c,11,AL AAMRIYA - A,RL3-CEL01-2022-006 - A,NULL,CANCELADO,NULL,NULL,NULL,NULL,2021-05-17 00:00:00.0000000,2021-06-14 00:00:00.0000000,NULL,NULL,53895,NULL,NULL,NULL,NULL,NULL,NULL,NULL,NULL,NULL,NULL,NULL,NULL,NULL,NULL,NULL,NULL,NULL,NULL,NULL,NULL,NULL,NULL,NULL,NULL,2021-03-18 00:00:00.0000000,0,NULL,NULL,FCQ,CNPQ,NULL,NULL,d796bebdb0dd4afd9214694d894dcb22,NULL,gabriela.justino@eneva.com.br,2025-02-18 14:25:15.2619450,2025-02-18 14:25:15.2619490
cb8ccfea9977457b961a8bce292eaaeb,13,AMORE MIO I,CEL01-2025-013,,CANCELADO,matheus.figueiredo@eneva.com.br,2025-08-28 17:39:55.5950000,,,2025-07-16 00:00:00.0000000,2025-08-01 00:00:00.0000000,2025-08-01 00:00:00.0000000,2025-08-03 00:00:00.0000000,150500,3373000,NULL,NULL,NULL,NULL,NULL,NULL,NULL,NULL,NULL,NULL,NULL,NULL,NULL,NULL,NULL,,,,NULL,NULL,NULL,NULL,NULL,2025-07-01 00:00:00.0000000,0,NULL,NULL,FCQ,CNPQ,NULL,NULL,fd7c533b08074c989de7986c5073b175,matheus.figueiredo@eneva.com.br,matheus.figueiredo@eneva.com.br,2025-09-30 16:38:39.1397810,2025-09-30 16:38:39.1397860
d09322f182b34ac9a223aea5fb3cea62,7,AL ORAIQ-A,RL3-CEL01-2022-004-A,NULL,Cancelado,NULL,NULL,NULL,NULL,2022-04-20 02:16:00.0000000,2022-05-13 06:00:00.0000000,NULL,NULL,53294,NULL,NULL,NULL,NULL,NULL,NULL,NULL,NULL,NULL,NULL,NULL,NULL,NULL,NULL,NULL,NULL,NULL,NULL,NULL,NULL,NULL,NULL,NULL,NULL,2022-02-19 02:16:00.0000000,0,NULL,NULL,FCQ,CNPQ,NULL,NULL,66229811b03c4d35a0f91ed7d6d14f99,NULL,NULL,2025-09-01 15:31:27.5604420,2025-09-01 15:31:27.5604460
d4d579121b2a4c35b6029cce2c029019,22,CREOLE SPIRIT - B,RL3-CEL01-2022-011 - B,NULL,CANCELADO,NULL,NULL,NULL,NULL,2021-09-17 00:00:00.0000000,2021-10-30 00:00:00.0000000,NULL,NULL,152000,NULL,NULL,NULL,NULL,NULL,NULL,NULL,NULL,NULL,NULL,NULL,NULL,NULL,NULL,NULL,NULL,NULL,NULL,NULL,NULL,NULL,NULL,NULL,NULL,2021-07-19 00:00:00.0000000,0,NULL,NULL,FCQ,CNPQ,NULL,NULL,d796bebdb0dd4afd9214694d894dcb22,NULL,gabriela.justino@eneva.com.br,2025-02-18 14:25:15.2810920,2025-02-18 14:25:15.2810960
db6ec56ce5924d8ab8a490fee120bbe7,7,AL ORAIQ  - A,RL3-CEL01-2022-004 - A,NULL,CANCELADO,NULL,NULL,NULL,NULL,2021-03-02 00:00:00.0000000,2021-04-01 00:00:00.0000000,NULL,NULL,53294,NULL,NULL,NULL,NULL,NULL,NULL,NULL,NULL,NULL,NULL,NULL,NULL,NULL,NULL,NULL,NULL,NULL,NULL,NULL,NULL,NULL,NULL,NULL,NULL,2021-01-01 00:00:00.0000000,0,NULL,NULL,FCQ,CNPQ,NULL,NULL,d796bebdb0dd4afd9214694d894dcb22,NULL,gabriela.justino@eneva.com.br,2025-02-18 14:25:15.2958510,2025-02-18 14:25:15.2958560
dbebc23a91df4cbdab3e36e0d4bbefda,13,Maran Gas Troy,CEL01-2024-013,NULL,Indefinido,NULL,NULL,NULL,NULL,NULL,2024-11-19 00:00:00.0000000,NULL,NULL,150500,3373000,NULL,NULL,NULL,NULL,NULL,NULL,NULL,NULL,NULL,NULL,NULL,NULL,NULL,NULL,NULL,NULL,NULL,NULL,NULL,NULL,NULL,NULL,NULL,NULL,0,NULL,NULL,FCQ,FCQ,NULL,NULL,bb4f37f5ed8c40f39f2950d3c19feaf2,NULL,NULL,2025-02-19 15:47:13.4685690,2025-02-19 15:47:13.4685690
dfb1336da2ae44f487115a5f6953f909,12,AL KHUWAIR-B,RL3-CEL01-2022-006-B,NULL,Cancelado,NULL,NULL,NULL,NULL,2022-06-03 00:01:00.0000000,2022-07-07 06:00:00.0000000,NULL,NULL,152000,NULL,NULL,NULL,NULL,NULL,NULL,NULL,NULL,NULL,NULL,NULL,NULL,NULL,NULL,NULL,NULL,NULL,NULL,NULL,NULL,NULL,NULL,NULL,NULL,2022-04-04 00:01:00.0000000,0,NULL,NULL,FCQ,CNPQ,NULL,NULL,66229811b03c4d35a0f91ed7d6d14f99,NULL,NULL,2025-09-01 15:31:27.5771910,2025-09-01 15:31:27.5771950
dfe860088472430c93a8c1fd3abd8d0b,3,ID1ASAH,CEL01-2025-003,,CANCELADO,matheus.figueiredo@eneva.com.br,2025-08-28 17:39:37.9930000,,,2025-02-10 00:00:00.0000000,2025-02-27 00:00:00.0000000,2025-02-27 00:00:00.0000000,2025-08-29 00:00:00.0000000,150500,3373000,NULL,NULL,NULL,NULL,NULL,NULL,NULL,NULL,NULL,NULL,NULL,NULL,NULL,NULL,NULL,,,,NULL,NULL,NULL,NULL,NULL,2025-01-26 00:00:00.0000000,0,NULL,NULL,FCQ,CNPQ,NULL,NULL,fd7c533b08074c989de7986c5073b175,matheus.figueiredo@eneva.com.br,matheus.figueiredo@eneva.com.br,2025-09-30 16:38:39.0711980,2025-09-30 16:38:39.0712020
e05c74302ea54c44b0042a4232f5c38a,3,DUHAIL-A,RL3-CEL01-2022-002-A,NULL,Cancelado,NULL,NULL,NULL,NULL,2022-01-05 02:51:00.0000000,2022-02-01 06:00:00.0000000,NULL,NULL,54651,NULL,NULL,NULL,NULL,NULL,NULL,NULL,NULL,NULL,NULL,NULL,NULL,NULL,NULL,NULL,NULL,NULL,NULL,NULL,NULL,NULL,NULL,NULL,NULL,2021-11-06 02:51:00.0000000,0,NULL,NULL,FCQ,CNPQ,NULL,NULL,66229811b03c4d35a0f91ed7d6d14f99,NULL,NULL,2025-09-01 15:31:27.5921740,2025-09-01 15:31:27.5921780
e1dc936bd9774cc3ad016d8c0e3f10a7,4,Maran Gas Lindos,CEL01-2024-004,NULL,Cancelado,NULL,NULL,NULL,NULL,NULL,2024-06-01 00:00:00.0000000,NULL,NULL,150500,3373000,NULL,NULL,NULL,NULL,NULL,NULL,NULL,NULL,NULL,NULL,NULL,NULL,NULL,NULL,NULL,NULL,NULL,NULL,NULL,NULL,NULL,NULL,NULL,NULL,0,NULL,NULL,FCQ,FCQ,NULL,NULL,bb4f37f5ed8c40f39f2950d3c19feaf2,NULL,NULL,2025-02-19 15:47:10.2278170,2025-02-19 15:47:10.2278170
e1fa5d480b794d648bbb53383a6f50fa,8,Maran Gas Troy,CEL01-2024-008,NULL,Cancelado,NULL,NULL,NULL,NULL,NULL,2024-08-20 00:00:00.0000000,NULL,NULL,150500,3373000,NULL,NULL,NULL,NULL,NULL,NULL,NULL,NULL,NULL,NULL,NULL,NULL,NULL,NULL,NULL,NULL,NULL,NULL,NULL,NULL,NULL,NULL,NULL,NULL,0,NULL,NULL,FCQ,FCQ,NULL,NULL,bb4f37f5ed8c40f39f2950d3c19feaf2,NULL,NULL,2025-02-19 15:47:11.6546730,2025-02-19 15:47:11.6546730
e381124a63eb4c2db1cd3772fbf9c0bf,9,NUAIJAH,CEL01-2025-009,,CANCELADO,matheus.figueiredo@eneva.com.br,2025-08-28 17:39:52.0160000,,,2025-05-16 00:00:00.0000000,2025-06-01 00:00:00.0000000,2025-06-01 00:00:00.0000000,2025-06-03 00:00:00.0000000,150500,3373000,NULL,NULL,NULL,NULL,NULL,NULL,NULL,NULL,NULL,NULL,NULL,NULL,NULL,NULL,NULL,,,,NULL,NULL,NULL,NULL,NULL,2025-05-01 00:00:00.0000000,0,NULL,NULL,FCQ,CNPQ,NULL,NULL,fd7c533b08074c989de7986c5073b175,matheus.figueiredo@eneva.com.br,matheus.figueiredo@eneva.com.br,2025-09-30 16:38:39.1125680,2025-09-30 16:38:39.1125720
e3b364cd0ed84577bd0d1688013895ee,19,NUAIJAH,CEL01-2025-019,,INDEFINIDO,matheus.figueiredo@eneva.com.br,NULL,,,2025-10-16 00:00:00.0000000,2025-11-01 00:00:00.0000000,2025-11-01 00:00:00.0000000,2025-11-03 00:00:00.0000000,150500,3373000,NULL,NULL,NULL,NULL,NULL,NULL,NULL,NULL,NULL,NULL,NULL,NULL,NULL,NULL,NULL,,,,NULL,NULL,NULL,NULL,NULL,2025-10-01 00:00:00.0000000,0,NULL,NULL,CNPQ,CNPQ,NULL,NULL,fd7c533b08074c989de7986c5073b175,matheus.figueiredo@eneva.com.br,matheus.figueiredo@eneva.com.br,2025-09-30 16:38:39.1913460,2025-09-30 16:38:39.1913510
e4e650d3cdc34fdfabb615ea33175e10,28,AL SAHLA-B,RL3-CEL01-2022-014-B,NULL,Cancelado,NULL,NULL,NULL,NULL,2022-11-25 05:42:00.0000000,2022-12-31 06:00:00.0000000,NULL,NULL,152000,NULL,NULL,NULL,NULL,NULL,NULL,NULL,NULL,NULL,NULL,NULL,NULL,NULL,NULL,NULL,NULL,NULL,NULL,NULL,NULL,NULL,NULL,NULL,NULL,2022-09-26 05:42:00.0000000,0,NULL,NULL,FCQ,CNPQ,NULL,NULL,66229811b03c4d35a0f91ed7d6d14f99,NULL,NULL,2025-09-01 15:31:27.6074010,2025-09-01 15:31:27.6074040
e6fc1d0eba73453d8003c71ea917981e,15,AL KHARSAAH - A,RL3-CEL01-2022-008 - A,NULL,REALIZADO,NULL,NULL,NULL,NULL,2021-07-24 00:00:00.0000000,2021-08-22 00:00:00.0000000,NULL,NULL,152000,NULL,NULL,NULL,NULL,NULL,NULL,NULL,NULL,NULL,NULL,NULL,NULL,NULL,NULL,NULL,NULL,NULL,NULL,NULL,NULL,NULL,NULL,NULL,NULL,2021-05-25 00:00:00.0000000,0,24,NULL,FCQ,CNPQ,NULL,NULL,d796bebdb0dd4afd9214694d894dcb22,NULL,gabriela.justino@eneva.com.br,2025-02-18 14:25:15.3204710,2025-02-18 14:25:15.3204760
eaa74df35ff9498ebbc46d622de803cf,1,TBA,CEL01-2025-001,,CANCELADO,matheus.figueiredo@eneva.com.br,2025-08-28 17:39:32.1330000,,,2025-01-08 00:00:00.0000000,2025-01-26 00:00:00.0000000,2025-01-26 00:00:00.0000000,2025-01-28 00:00:00.0000000,150500,3373000,NULL,NULL,NULL,NULL,NULL,NULL,NULL,NULL,NULL,NULL,NULL,NULL,NULL,NULL,NULL,,,,NULL,NULL,NULL,NULL,NULL,2024-12-24 00:00:00.0000000,0,NULL,NULL,FCQ,CNPQ,NULL,NULL,fd7c533b08074c989de7986c5073b175,matheus.figueiredo@eneva.com.br,matheus.figueiredo@eneva.com.br,2025-09-30 16:38:39.0514460,2025-09-30 16:38:39.0514510
eadfb05f58474acdaf897d7dd9f4e372,11,Maran Gas Sparta,CEL01-2024-011,NULL,INDEFINIDO,NULL,2025-02-19 18:40:52.5770000,NULL,NULL,NULL,2024-10-04 00:00:00.0000000,NULL,NULL,150500,3373000,NULL,NULL,NULL,NULL,NULL,NULL,NULL,NULL,NULL,NULL,NULL,NULL,NULL,NULL,NULL,NULL,NULL,NULL,NULL,NULL,NULL,NULL,NULL,NULL,0,NULL,NULL,FCQ,FCQ,NULL,NULL,bb4f37f5ed8c40f39f2950d3c19feaf2,NULL,NULL,2025-02-19 15:47:12.7346100,2025-02-19 15:47:12.7346100
ebc9bdc665524368b496b625018bb458,3,Maran Gas Lindos,CEL01-2023-003,NULL,Cancelado,NULL,NULL,NULL,NULL,2023-02-02 14:00:00.0000000,2023-02-25 00:00:00.0000000,NULL,NULL,152000,NULL,NULL,NULL,NULL,NULL,NULL,NULL,NULL,NULL,NULL,NULL,NULL,NULL,NULL,NULL,NULL,NULL,NULL,NULL,NULL,NULL,NULL,NULL,NULL,2022-12-04 14:00:00.0000000,0,NULL,NULL,FCQ,FCQ,NULL,NULL,9356d9b8ac7a4615882533adc1851b1f,NULL,NULL,2025-02-18 14:25:30.3296720,2025-02-18 14:25:30.3296770
ec6e46c9588944a9b1343324567e6d1f,17,Al QA Iyyah,CEL01-2025-017,,CONFIRMADO,matheus.figueiredo@eneva.com.br,2025-08-28 17:40:02.1430000,,,2025-09-16 00:00:00.0000000,2025-10-02 00:00:00.0000000,2025-10-02 00:00:00.0000000,2025-10-04 00:00:00.0000000,150500,3373000,NULL,NULL,NULL,NULL,NULL,NULL,NULL,NULL,NULL,NULL,NULL,NULL,NULL,NULL,NULL,,,,NULL,NULL,NULL,NULL,NULL,2025-09-01 00:00:00.0000000,0,NULL,NULL,CNPQ,CNPQ,NULL,NULL,fd7c533b08074c989de7986c5073b175,matheus.figueiredo@eneva.com.br,matheus.figueiredo@eneva.com.br,2025-09-30 16:38:39.1671070,2025-09-30 16:38:39.1671120
ee1a1f17a6874e94b5850d1f5058687d,17,AL KHARAITIYAT-A,RL3-CEL01-2022-009-A,NULL,Cancelado,NULL,NULL,NULL,NULL,2022-08-06 00:01:00.0000000,2022-08-31 08:14:00.0000000,NULL,NULL,59800,NULL,NULL,NULL,NULL,NULL,NULL,NULL,NULL,NULL,NULL,NULL,NULL,NULL,NULL,NULL,NULL,NULL,NULL,NULL,NULL,NULL,NULL,NULL,NULL,2022-06-07 00:01:00.0000000,0,NULL,NULL,FCQ,CNPQ,NULL,NULL,66229811b03c4d35a0f91ed7d6d14f99,NULL,NULL,2025-09-01 15:31:27.6255340,2025-09-01 15:31:27.6255390
eef766505c5f4502873a087c98ead561,16,Flex Rainbow,CEL01-2023-016,NULL,Cancelado,NULL,NULL,NULL,NULL,2023-09-19 05:00:00.0000000,2023-10-12 00:00:00.0000000,NULL,NULL,152000,NULL,NULL,NULL,NULL,NULL,NULL,NULL,NULL,NULL,NULL,NULL,NULL,NULL,NULL,NULL,NULL,NULL,NULL,NULL,NULL,NULL,NULL,NULL,NULL,2023-07-21 05:00:00.0000000,0,NULL,NULL,FCQ,FCQ,NULL,NULL,9356d9b8ac7a4615882533adc1851b1f,NULL,NULL,2025-02-18 14:25:30.3436720,2025-02-18 14:25:30.3436760
f359d2e61d6c46c3a9cad122f20d82c4,19,AL SHAMAL - A,RL3-CEL01-2022-010 - A,NULL,REALIZADO,NULL,NULL,NULL,NULL,2021-08-28 00:00:00.0000000,2021-09-29 00:00:00.0000000,NULL,NULL,61200,NULL,NULL,NULL,NULL,NULL,NULL,NULL,NULL,NULL,NULL,NULL,NULL,NULL,NULL,NULL,NULL,NULL,NULL,NULL,NULL,NULL,NULL,NULL,NULL,2021-06-29 00:00:00.0000000,0,NULL,NULL,FCQ,CNPQ,NULL,NULL,d796bebdb0dd4afd9214694d894dcb22,NULL,gabriela.justino@eneva.com.br,2025-02-18 14:25:15.3300870,2025-02-18 14:25:15.3300910
f4fe658652cd4d908a43329cf0eda089,15,Seri Balqis,CEL01-2023-015,NULL,Cancelado,NULL,NULL,NULL,NULL,2023-09-03 04:46:00.0000000,2023-09-26 00:00:00.0000000,NULL,NULL,152000,NULL,NULL,NULL,NULL,NULL,NULL,NULL,NULL,NULL,NULL,NULL,NULL,NULL,NULL,NULL,NULL,NULL,NULL,NULL,NULL,NULL,NULL,NULL,NULL,2023-07-05 04:46:00.0000000,0,NULL,NULL,FCQ,FCQ,NULL,NULL,9356d9b8ac7a4615882533adc1851b1f,NULL,NULL,2025-02-18 14:25:30.3595760,2025-02-18 14:25:30.3595800
f77363b2591d4dc9bc7a3cf6789c7125,11,AL KHUWAIR-A,RL3-CEL01-2022-006-A,NULL,Cancelado,NULL,NULL,NULL,NULL,2022-06-03 00:01:00.0000000,2022-06-26 06:00:00.0000000,NULL,NULL,61100,NULL,NULL,NULL,NULL,NULL,NULL,NULL,NULL,NULL,NULL,NULL,NULL,NULL,NULL,NULL,NULL,NULL,NULL,NULL,NULL,NULL,NULL,NULL,NULL,2022-04-04 00:01:00.0000000,0,NULL,NULL,FCQ,CNPQ,NULL,NULL,66229811b03c4d35a0f91ed7d6d14f99,NULL,NULL,2025-09-01 15:31:27.6416660,2025-09-01 15:31:27.6416700
faf343544b2645188394d7831cd0a5de,9,AL RUWAIS - A,RL3-CEL01-2022-005 - A,NULL,CANCELADO,NULL,NULL,NULL,NULL,2021-04-13 00:00:00.0000000,2021-05-13 00:00:00.0000000,NULL,NULL,54087,NULL,NULL,NULL,NULL,NULL,NULL,NULL,NULL,NULL,NULL,NULL,NULL,NULL,NULL,NULL,NULL,NULL,NULL,NULL,NULL,NULL,NULL,NULL,NULL,2021-02-12 00:00:00.0000000,0,NULL,NULL,FCQ,CNPQ,NULL,NULL,d796bebdb0dd4afd9214694d894dcb22,NULL,gabriela.justino@eneva.com.br,2025-02-18 14:25:15.3411780,2025-02-18 14:25:15.3411820
fb9ecc6a0baf4cfea56c679d9b3e8056,1,AL RUWAIS-A,RL3-CEL01-2022-001-A,NULL,Realizado,NULL,NULL,NULL,NULL,2021-12-07 00:01:00.0000000,2022-01-03 06:00:00.0000000,NULL,NULL,54657,NULL,NULL,NULL,NULL,NULL,NULL,NULL,NULL,NULL,NULL,NULL,NULL,NULL,NULL,NULL,NULL,NULL,NULL,NULL,NULL,NULL,NULL,NULL,NULL,2021-10-08 00:01:00.0000000,0,NULL,NULL,FCQ,CNPQ,NULL,NULL,66229811b03c4d35a0f91ed7d6d14f99,NULL,NULL,2025-09-01 15:31:27.6590800,2025-09-01 15:31:27.6590830
fc08175b330248d8854e73387fcad6a9,2,Maran Gas Lindos,CEL01-2024-002,NULL,Cancelado,NULL,NULL,NULL,NULL,NULL,2024-05-01 00:00:00.0000000,NULL,NULL,150500,3373000,NULL,NULL,NULL,NULL,NULL,NULL,NULL,NULL,NULL,NULL,NULL,NULL,NULL,NULL,NULL,NULL,NULL,NULL,NULL,NULL,NULL,NULL,NULL,NULL,0,NULL,NULL,FCQ,FCQ,NULL,NULL,bb4f37f5ed8c40f39f2950d3c19feaf2,NULL,NULL,2025-02-19 15:47:09.5071040,2025-02-19 15:47:09.5071040
fd62171490cb4c3a91634c46db5af414,15,Maran Gas Troy,CEL01-2024-015,NULL,INDEFINIDO,NULL,NULL,NULL,NULL,NULL,2024-12-20 00:00:00.0000000,NULL,NULL,150500,3373000,NULL,NULL,NULL,NULL,NULL,NULL,NULL,NULL,NULL,NULL,NULL,NULL,NULL,NULL,NULL,NULL,NULL,NULL,NULL,NULL,NULL,NULL,NULL,NULL,0,NULL,NULL,FCQ,FCQ,NULL,NULL,bb4f37f5ed8c40f39f2950d3c19feaf2,NULL,angelo.cordeiro@eneva.com.br,2025-02-19 15:47:14.2036400,2025-02-19 15:47:14.2036400
fe8b6ed909de41a4919460369027c1ae,7,NUAIJAH,CEL01-2025-007,,CANCELADO,matheus.figueiredo@eneva.com.br,2025-08-28 17:39:48.1720000,,,2025-04-16 00:00:00.0000000,2025-05-02 00:00:00.0000000,2025-05-02 00:00:00.0000000,2025-05-04 00:00:00.0000000,150500,3373000,NULL,NULL,NULL,NULL,NULL,NULL,NULL,NULL,NULL,NULL,NULL,NULL,NULL,NULL,NULL,,,,NULL,NULL,NULL,NULL,NULL,2025-04-01 00:00:00.0000000,0,NULL,NULL,FCQ,CNPQ,NULL,NULL,fd7c533b08074c989de7986c5073b175,matheus.figueiredo@eneva.com.br,matheus.figueiredo@eneva.com.br,2025-09-30 16:38:39.0991600,2025-09-30 16:38:39.0991650
fe9833229c9f43478e6bba48345ccd8f,9,Seapeak Methane,CEL01-2023-009,NULL,Cancelado,NULL,NULL,NULL,NULL,2023-05-11 04:00:00.0000000,2023-06-03 00:00:00.0000000,NULL,NULL,152000,NULL,NULL,NULL,NULL,NULL,NULL,NULL,NULL,NULL,NULL,NULL,NULL,NULL,NULL,NULL,NULL,NULL,NULL,NULL,NULL,NULL,NULL,NULL,NULL,2023-03-12 04:00:00.0000000,0,NULL,NULL,FCQ,FCQ,NULL,NULL,9356d9b8ac7a4615882533adc1851b1f,NULL,NULL,2025-02-18 14:25:30.3726600,2025-02-18 14:25:30.3726640
